"Recovery Unplugged",236/1 Garema Place Majura ACT,0407767335,-35.29717476387801,149.1093988931653,96,1,koreanFood
"Treat Monger, The",811/5 Vernon Circle Melba ACT,0443374049,-35.385855125524095,149.07705419016685,294,3,chineseFood
"Taco Cabana",387/5 Petrie Plaza Evatt ACT,0496700604,-35.165956962369386,148.9665713031322,39,3,mexicanFood
"Paleface Grocery",300/4 William Clemens Street Gungahlin ACT,0427123940,-35.38018916141865,149.18038514122048,64,1,frenchFood
"Ola Poke",663/3 Murulla Lane Holt ACT,0492804788,-35.35332466734218,149.01378481590066,207,3,japaneseFood
"Thundercloud Subs",998/4 Nangari Street Latham ACT,0426769724,-35.380158522923196,148.9667251247463,177,1,malaysianFood
"BC - Snack Max",904/5 Tocumwal Lane Tuggeranong ACT,0462222364,-35.23166198450537,149.02307616137458,196,3,americanFood
"Jet Stop",681/8 Hutton Street Cook ACT,0451935080,-35.41022405957074,149.17847542337077,56,3,chineseFood
"LW - Metro Food Mart",822/3 Wilden Street Latham ACT,0403055525,-35.213510204906164,149.19912516677977,122,4,americanFood
"LW - Merito Food Mart",802/2 Northbourne Avenue Barton ACT,0495954111,-35.3421458466466,149.1635157481614,101,4,turkishFood
"Xing Long Chinese Cuisine",596/5 Petrie Street Holt ACT,0438846412,-35.16447934119207,149.15653981383463,130,5,italianFood
"Buffalo Wild Wings",338/3 Knowles Place Cook ACT,0498705368,-35.20069367717074,149.05429724748097,85,3,turkishFood
"Wal-Mart Superstore",943/9 Kingsley Street Tuggeranong ACT,0470184649,-35.15309920784487,149.15238246657086,273,4,japaneseFood
"Wingstop",769/1 Mort Street Comma ACT,0471506188,-35.4307968736996,149.24572204710415,166,4,turkishFood
"La Hacienda Market II",599/1 Knowles Place Majura ACT,0436166824,-35.21370011489236,149.20486100792,173,2,americanFood
"Circle K",710/7 Knowles Place Tuggeranong ACT,0448044262,-35.33964357146214,149.01473274398677,276,4,chineseFood
"WL - P. Terry's Burger Stand",615/6 Darwin Place Yarralumla ACT,0430362392,-35.17514868455886,149.0631493069721,54,4,chineseFood
"Biryani & Co.",758/9 Marcus Clarke Street Barton ACT,0462706824,-35.2666659355829,149.21912992280275,222,1,thaiFood
"Fukumoto",688/4 Riverside Lane Majura ACT,0414012331,-35.167065117548375,149.24367104020277,250,5,mexicanFood
"Irene's",849/2 Genge Street Yarralumla ACT,0455319362,-35.25089855808176,149.1489479299164,85,3,malaysianFood
"Payless Food Store",337/0 William Herbert Place Yarralumla ACT,0438316914,-35.43636521291506,148.97846413740356,221,1,thaiFood
"Jack in the Box",940/8 Murden Street Latham ACT,0454159064,-35.436431508500284,149.09542560635802,287,4,turkishFood
"Child, Inc. - Ortega Preschool",510/5 Ellery Crescent Page ACT,0493129601,-35.2561335439068,149.01687577531774,221,1,koreanFood
"Schlotzsky's Deli",739/5 Murden Street Braddon ACT,0413930770,-35.30725170811151,149.01483119937245,196,3,americanFood
"Peche",161/3 Murden Street Yarralumla ACT,0407270147,-35.43522416641397,149.18348023824484,98,1,americanFood
"LW - Lakeway Elementary School",929/9 Narellan Place Bruce ACT,0477114145,-35.15126689997697,148.969413680094,52,1,malaysianFood
"Dobie Mall - Burrito Factory",121/2 Narellan Place Page ACT,0484993451,-35.36643396598428,149.12201896844388,27,5,frenchFood
"Seafood Shack",645/1 Allara Street Coree ACT,0488964730,-35.30172856938235,149.0732662346001,284,3,koreanFood
"24 Diner",543/4 Hutton Street Gungahlin ACT,0413895989,-35.37481142364967,149.06362870234327,36,5,mexicanFood
"Flying Pig Provision Company",280/10 The Mews Kaleen ACT,0407845147,-35.38874344312815,149.15882240825184,151,4,frenchFood
"Thai Taste",352/7 Marcus Clarke Street Barton ACT,0429658091,-35.21048003416605,149.20816499551265,240,5,frenchFood
"ABIA - Haymaker Sports Bar",18/8 Hales Street Kaleen ACT,0414358278,-35.14890235417647,148.97204131928095,90,1,italianFood
"Bat City Gelato",114/7 Allsop Street Downer ACT,0474492288,-35.19731121539806,149.0991548448642,70,5,indianFood
"7-Eleven Convenience Store",739/5 Ellery Crescent Cook ACT,0487629635,-35.36017118458436,149.03349467925534,133,2,japaneseFood
"Momo Sushi",865/2 Ainslie Avenue Barton ACT,0465466144,-35.20813208923288,149.02357566415824,235,2,italianFood
"Odd Pop, LLC",546/5 Hobart Place Downer ACT,0421525729,-35.30946368782065,149.20184086899818,97,4,frenchFood
"BC - Simply Pho House",191/3 Akuna Street Comma ACT,0484767689,-35.36511246502523,149.00427777513954,76,4,thaiFood
"Hangar Lounge",114/0 Childers Street Braddon ACT,0453366235,-35.2206865429005,148.99425386351285,25,1,turkishFood
"Barrett's Coffee",319/1 Petrie Plaza Reid ACT,0422559372,-35.409313721918885,149.04932675833263,47,1,japaneseFood
"Al's Food Mart",110/3 Odgers Lane Bruce ACT,0476786859,-35.309440021854876,149.17409139046546,190,5,chineseFood
"Martin Jr High",915/0 Hobart Place Evatt ACT,0424560175,-35.3382968647714,149.00791672375084,142,3,malaysianFood
"Courtyard by Marriott Austin Airport",646/8 Gordon Street Reid ACT,0487407929,-35.236121856578364,148.99081207055758,188,5,americanFood
"Family Dollar Stores of TX., LLC",103/4 Mccoy Circuit Campell ACT,0413440068,-35.29144245116858,148.95630462938175,224,4,koreanFood
"Allison Elementary",360/3 Allsop Street Campell ACT,0407620315,-35.172857933528405,149.1821106692143,49,1,frenchFood
"Gourmands",694/5 Rudd Street Gungahlin ACT,0464480238,-35.174281827835074,149.25081576282412,245,5,turkishFood
"Two Spoons",161/3 Cooyong Street Scullin ACT,0453607091,-35.33230860864472,149.03737015561092,266,2,malaysianFood
"Barn, The",650/0 Ballumbir Street Coree ACT,0412871490,-35.35087622842932,149.17728121576533,120,3,mexicanFood
"Captain Quakenbush's Coffee House",948/4 West Row Reid ACT,0470977273,-35.39388369124646,149.14299934367511,54,4,koreanFood
"Express Food Mart",113/9 Ainslie Place Gungahlin ACT,0468319394,-35.263622186173485,149.06169131424718,109,5,thaiFood
"CVS Pharmacy",334/10 Garema Place Ainslie ACT,0421354845,-35.24576119656061,149.166416870696,102,5,indianFood
"MN - Shipley Donuts",931/10 Kingsley Street Holt ACT,0421889735,-35.37914385995332,148.95369998595982,172,2,japaneseFood
"Royal Blue Grocery",380/9 Edinburgh Avenue Spence ACT,0412774735,-35.16746634858781,149.0649314320234,72,3,chineseFood
"Opal Divines Austin Grill",71/6 Murden Street Braddon ACT,0415993263,-35.17512379106384,149.2067291311847,37,5,thaiFood
"8 - Track",717/3 Theatre Lane Woden ACT,0463356344,-35.3371119522102,149.11382220584758,150,3,indianFood
"Cenikor Foundation",887/4 Vernon Circle Woden ACT,0466801992,-35.25511564657316,149.06787775297303,197,4,mexicanFood
"MN - Domino's Pizza",987/4 Scotts Crossing Cook ACT,0499677425,-35.180291687126186,148.96574397020134,101,2,malaysianFood
"Buffet King",687/3 Repertory Lane Coree ACT,0445083111,-35.37605300918048,148.99273687715709,174,1,malaysianFood
"Kikka@Whole Foods Arbor Trails",327/4 Riverside Lane Downer ACT,0480405452,-35.14261632511037,149.04835617150107,224,1,thaiFood
"RW - Chinatown",386/5 Binara Street Woden ACT,0422309602,-35.14195691921027,149.0296108585826,106,2,thaiFood
"McDonald's",801/8 Kingsley Street Evatt ACT,0416478925,-35.39806991410213,149.1071362167033,257,1,indianFood
"Sonic",1/2 Ballumbir Street Spence ACT,0446988644,-35.276842373846954,149.20510663757477,77,2,indianFood
"Austin Groups for the Elderly",300/9 Petrie Plaza Yarralumla ACT,0493986240,-35.41196403748583,149.23406334757004,148,1,italianFood
"Pizza Hut",672/5 Allsop Street Kaleen ACT,0472085310,-35.38647691203573,148.98806178687002,254,3,koreanFood
"Zax Restaurant and Bar",815/3 Childers Street Latham ACT,0441761788,-35.18181438671807,149.21558605051456,175,4,indianFood
"Sap's Fine Thai Cuisine",278/3 Genge Street Comma ACT,0406467217,-35.24063856114053,149.14390277080676,191,1,turkishFood
"C-Mart",811/5 The Mews Melba ACT,0476621803,-35.42625660807541,148.97674242967648,136,2,frenchFood
"Rogue Running",156/1 Bunda Street Melba ACT,0490210928,-35.139937189257004,149.18335874328514,22,5,malaysianFood
"Sage Recovery Villa",800/2 Mulwala Lane Bruce ACT,0494247274,-35.137377314774724,148.99840901631399,298,3,chineseFood
"Jersey Mikes Subs",218/9 Murden Street Yarralumla ACT,0425980476,-35.286530795586344,149.17626244520193,109,1,mexicanFood
"Stepping Stone School",347/4 William Clemens Street Comma ACT,0496636110,-35.269011243672836,149.04175973697014,52,4,turkishFood
"Baldwin Elementary",95/2 Ainslie Place Kaleen ACT,0435637328,-35.38757823353081,149.23020724384463,25,4,frenchFood
"Onion Creek Texaco",735/5 Ainslie Place Cook ACT,0430394755,-35.39479083700885,149.18023730456719,67,1,malaysianFood
"Danelia Rogel Fruit Cup Shop LLC",771/7 Ainslie Place Scullin ACT,0482955541,-35.37109109783198,149.09285958788982,128,5,americanFood
"Subway 66727",790/2 Kingsley Street Reid ACT,0493498889,-35.43266933757194,148.97622427630913,33,2,thaiFood
"Austin Childrens Shelter",60/10 London Circuit Melba ACT,0487595964,-35.30550803468955,149.1974809891776,88,2,chineseFood
"EPIC POKE",508/9 Bible Lane Latham ACT,0433442719,-35.3690968449038,149.17590699279103,90,5,frenchFood
"Thorough Bread",937/6 Allara Street Bruce ACT,0477467731,-35.15529102979157,149.13412622777966,288,5,chineseFood
"Burger King",611/1 Cooyong Street Kaleen ACT,0423487216,-35.419109559319004,149.10353391041232,289,2,americanFood
"Sharetea",339/0 Allara Street Campell ACT,0474092795,-35.433558478416884,149.19967179032247,132,3,japaneseFood
"Moms 8 Enterprises Inc.",661/0 Tocumwal Lane Braddon ACT,0441213046,-35.179131494641595,149.0733810597037,286,1,italianFood
"Oskar Blues Brewery",623/1 Northbourne Avenue Spence ACT,0479493742,-35.42317851753986,148.96897598994323,230,3,turkishFood
"Fresh Plus - Deli",503/5 William Herbert Place Bruce ACT,0446362301,-35.20450590949234,148.99722273856332,285,4,thaiFood
"Placita's Restaurant",188/8 Northbourne Avenue Comma ACT,0499023626,-35.33797274981312,149.0739637541254,277,3,mexicanFood
"Kerbey Lane Cafe",943/5 Cooyong Street Bruce ACT,0414852305,-35.23114284331167,148.96337007330885,29,4,koreanFood
"Circle K",968/7 Scotts Crossing Melba ACT,0442187055,-35.338016629915195,149.04942467241324,71,5,americanFood
"WL - West Lake Market",465/1 Childers Street Gungahlin ACT,0452704258,-35.26859597465514,149.06943472504383,299,4,chineseFood
"COTA- Bev Bar 1 Main Grand Stand West",410/7 Commonwealth Avenue Kaleen ACT,0440452964,-35.23129750671206,149.08338542402547,81,2,malaysianFood
"Taqueria La Familia Mex Restaurant Inc",64/5 Mort Street Coree ACT,0475548600,-35.13587746681897,149.0953238832959,139,3,italianFood
"Via 313 Pizza",52/6 William Herbert Place Majura ACT,0461987313,-35.39010832985476,149.18010517035069,267,4,turkishFood
"Drink.Well.",197/8 Darwin Place Page ACT,0463860179,-35.317961264179395,149.24189154475715,164,4,frenchFood
"Whole Foods Market - Prepared Foods",678/0 Garema Place Braddon ACT,0450273381,-35.343802162839594,149.13349382641425,300,3,mexicanFood
"Casino El Camino",681/4 Canberra Walk Comma ACT,0437151579,-35.22002529746686,148.97420124536472,135,3,italianFood
"Wendy's",292/7 Riverside Lane Braddon ACT,0421096172,-35.25788850272943,149.0581529114456,150,2,frenchFood
"Austin's Pizza-Index Hospitality",937/8 Hutton Street Melba ACT,0432783888,-35.152543808830416,149.0899222280894,82,4,malaysianFood
"Mr. Zip",569/5 Knowles Place Braddon ACT,0491025426,-35.395662914432535,149.03184264878053,174,2,mexicanFood
"P. Terry's Burger Stand",880/10 Odgers Lane Downer ACT,0466645745,-35.43261699126999,148.99496909964552,21,2,malaysianFood
"Taco Shack III",772/5 Mccoy Circuit Bruce ACT,0444361663,-35.40664669573743,149.1131002273368,25,3,malaysianFood
"Austin Transitional Center",706/10 The Mews Bruce ACT,0464267365,-35.16678323082105,149.0404646519948,267,2,mexicanFood
"HandleBar",753/4 Farrell Place Tuggeranong ACT,0463778763,-35.354445007776356,149.0254814690481,244,4,turkishFood
"Austin's Pizza",64/6 Allara Street Page ACT,0469274234,-35.230857573693044,149.0904114359405,291,5,japaneseFood
"Kappa Kappa Gamma",823/0 Narellan Street Ainslie ACT,0407913189,-35.43894056428708,149.09849090045864,67,5,frenchFood
"Lone Star Kolaches",155/2 Murden Street Spence ACT,0419905811,-35.438315487169525,149.17470579349725,203,3,italianFood
"7-Eleven Convenience Store",698/2 Tocumwal Lane Holt ACT,0420731031,-35.30428433075775,149.14617283995187,40,4,thaiFood
"Culinary Dropout",569/2 Verity Lane Latham ACT,0451273582,-35.220513161233036,149.23440799820824,73,5,japaneseFood
"CVS/Pharmacy ",919/9 Akuna Street Barton ACT,0467865182,-35.427438646888874,149.09516967769494,225,2,chineseFood
"512 Boutique Events",14/1 Rudd Street Cook ACT,0471734565,-35.19095648088603,149.12634150542752,276,5,koreanFood
"Los Buhos",269/3 Mulwala Lane Cook ACT,0402437621,-35.32037175278334,149.06474512199335,250,4,americanFood
"Jamba Juice",768/5 Rabaul Lane Cook ACT,0430627002,-35.37835183884678,149.10220104523844,204,5,turkishFood
"Paramount Theatre",125/5 West Row Kaleen ACT,0447088845,-35.28591810070661,149.0448902653981,274,4,chineseFood
"Texican Cafe",490/1 Edinburgh Avenue Coree ACT,0475624063,-35.18465781409484,149.22946625390233,24,1,indianFood
"Sushi Niichi",851/3 Riverside Lane Melba ACT,0449895812,-35.355983167367114,149.06077037766906,205,5,turkishFood
"BC - Emerald Restaurant",447/8 Bunda Street Reid ACT,0481052682,-35.35586670452092,149.12993109659368,251,2,americanFood
"Rice is Right",133/9 Hales Street Melba ACT,0445332216,-35.435637165304314,149.1081483179668,75,5,malaysianFood
"Be More Pacific",488/8 Theatre Lane Cook ACT,0412856647,-35.20342141668773,149.17752204394904,75,2,indianFood
"Lone Star Family Market",138/2 Bible Lane Tuggeranong ACT,0424348298,-35.371584327785826,148.98291731361877,269,1,thaiFood
"Fogo De Chao Churrascaria",477/3 Northbourne Avenue Gungahlin ACT,0442206408,-35.148085942915934,149.2314219678782,74,3,japaneseFood
"One Taco",827/8 Canberra Walk Ainslie ACT,0417402481,-35.32548148345804,149.1885438541848,124,3,koreanFood
"Conley Guerrero Sr. Activity",166/3 Nangari Street Cook ACT,0425249347,-35.19067356217615,149.20941509926195,252,5,americanFood
"Paramount Theatre",85/9 Allara Street Braddon ACT,0441717827,-35.36606268125576,148.95147938043343,231,3,italianFood
"Half Step",258/9 Odgers Lane Page ACT,0456151297,-35.34055978969571,149.02156506285814,120,4,chineseFood
"Asti Trattoria",115/9 Akuna Street Gungahlin ACT,0404365366,-35.29118778899271,149.16523876948574,130,3,americanFood
"Casis Elementary",994/9 Ellery Crescent Spence ACT,0452269481,-35.25228478839064,149.19331619655068,141,5,frenchFood
"BC - CVS/ Pharmacy",796/1 Farrell Place Page ACT,0467986444,-35.41480188735532,149.23101982495385,55,2,indianFood
"Swoon Hospitality (Hanks)",362/9 Constitution Avenue Ainslie ACT,0435878853,-35.3113153965672,149.07908890402223,80,1,thaiFood
"Taco Cabana",621/8 Hutton Street Cook ACT,0417136703,-35.41176771489912,149.18528425644934,195,2,frenchFood
"7 Eleven",265/7 Coranderrk Street Evatt ACT,0457919309,-35.18223430390672,148.96669785275623,18,2,thaiFood
"Walgreens",898/3 Moore Street Gungahlin ACT,0429577844,-35.23877220287872,148.9993934640117,274,1,turkishFood
"Dominos Pizza",764/3 Farrell Place Kaleen ACT,0400415620,-35.29598944435714,149.0936242596496,18,2,chineseFood
"Palazio",457/0 Ainslie Avenue Braddon ACT,0414670781,-35.402751840986916,149.09674522066473,254,5,americanFood
"Texas Roadhouse",175/5 Mulwala Lane Holt ACT,0433379707,-35.32768927334151,149.22222762416533,155,5,japaneseFood
"Smokey Mo's BBQ",852/0 Kingsley Street Campell ACT,0479778303,-35.35482306523394,148.99672486669547,105,4,malaysianFood
"Subway",761/8 West Row Kaleen ACT,0447110444,-35.37718794957255,149.22333344279852,233,3,turkishFood
"Egg Roll Express",341/3 Kendall Lane Evatt ACT,0492076860,-35.2715110265848,149.21814042759394,119,1,italianFood
"Quality Inn & Suites",163/3 Scotts Crossing Tuggeranong ACT,0467248845,-35.34215063894439,149.19500782999802,233,4,japaneseFood
"School in the Hills",384/2 Theatre Lane Campell ACT,0460434244,-35.250028962699986,149.1826280332861,170,4,indianFood
"HEB",655/8 Riverside Lane Gungahlin ACT,0477105155,-35.233552687044764,149.2095019090149,106,4,indianFood
"Michi Ramen",850/7 Ballumbir Street Coree ACT,0415371249,-35.42946886639634,149.02104037190063,14,2,japaneseFood
"Smooth & Savory",462/7 Genge Street Scullin ACT,0461173293,-35.403912132206976,149.1751894427215,143,2,chineseFood
"McDonald's",661/8 Knowles Place Yarralumla ACT,0469869162,-35.1545982633008,149.15393160883573,203,1,chineseFood
"Fat Cats Organic Coffee & Desserts",567/3 Commonwealth Avenue Yarralumla ACT,0482982618,-35.289725484026086,149.22148989724064,219,2,mexicanFood
"Kentucky Fried Chicken",632/10 Farrell Place Latham ACT,0471615217,-35.29886099106053,149.19537561487263,258,4,frenchFood
"Oasis Cantina",421/9 Allara Street Holt ACT,0488999634,-35.37010780139699,148.96348919323466,11,1,americanFood
"7 - Eleven Convenience Store",692/7 Marcus Clarke Street Holt ACT,0458854176,-35.270888510703806,149.21568593764488,126,1,koreanFood
"Anewentry, Inc",504/7 Knowles Place Campell ACT,0415440113,-35.256612996839976,149.0271817018843,81,3,chineseFood
"Brookdale Beckett Meadows",748/4 Narellan Place Melba ACT,0434697831,-35.30492953406791,148.97386470027135,82,5,koreanFood
"Rain on 4th",712/0 Hales Street Latham ACT,0461249707,-35.21558028148417,149.04638451351326,213,1,indianFood
"Don Dario's Mexican Restaurant & Cantina",58/7 Binara Street Spence ACT,0427138605,-35.4340581993354,149.10365104436312,98,5,mexicanFood
"Sugar Mama's Bakeshop",92/8 Ainslie Avenue Ainslie ACT,0492752729,-35.3395343701692,149.0825476414337,208,2,italianFood
"EZ Food Stores",26/8 Nangari Street Scullin ACT,0442153776,-35.20253847724737,149.2133512488621,49,2,mexicanFood
"TLV",679/4 Rabaul Lane Scullin ACT,0474772586,-35.40940481897698,149.16753892149262,262,2,koreanFood
"Watermill Express",920/10 Hillside Lane Coree ACT,0409915089,-35.42324890841883,148.96965978201655,99,5,japaneseFood
"Minimax Food Mart",930/4 Ballumbir Street Evatt ACT,0437314412,-35.43294428801651,149.119545947786,44,1,indianFood
"Alamo Drafthouse Cinema",904/6 Mort Street Ainslie ACT,0446616895,-35.179407352362354,149.08430683758434,96,4,mexicanFood
"WL - Bidermans Deli",618/2 Petrie Plaza Campell ACT,0455017601,-35.17501950203106,149.0782126195919,221,2,chineseFood
"Staybridge Suites",79/4 Latin American Plaza Scullin ACT,0430080859,-35.3552652668549,149.11147424599213,189,3,italianFood
"Lupitas Catering",389/3 Edinburgh Avenue Tuggeranong ACT,0464257233,-35.291606338260706,149.21838395892726,32,4,koreanFood
"Little Mexico",140/5 Verity Lane Scullin ACT,0454800205,-35.197555833848604,149.08866737478303,21,2,indianFood
"WL - Gold's Gym",30/2 Akuna Street Reid ACT,0431002195,-35.32246625228551,149.22681681359276,257,4,turkishFood
"RZ Food Mart",975/4 West Row Yarralumla ACT,0433372560,-35.18316034184668,148.99628143644338,12,4,chineseFood
"HEB Food Store",778/4 Verity Lane Evatt ACT,0405224353,-35.295546198787804,149.07519682562497,16,3,americanFood
"Circle K Store",429/7 Latin American Plaza Yarralumla ACT,0455399701,-35.27639146215558,149.1615946791464,35,5,frenchFood
"C-Mart",795/3 Rimmer Street Melba ACT,0482239071,-35.347882058144926,149.166659595236,146,4,japaneseFood
"Taj Palace Restaurant",169/3 Mulwala Lane Bruce ACT,0474985908,-35.22352134383397,148.96803873646084,37,1,turkishFood
"LW - Dominos Pizza",188/3 Allara Street Kaleen ACT,0496252778,-35.24182354961345,148.99769956756964,39,3,malaysianFood
"Randall's",524/5 Darwin Place Tuggeranong ACT,0471878127,-35.2337281278077,149.18662508728258,41,3,thaiFood
"Salata",492/1 Cooyong Street Downer ACT,0426502355,-35.17257339236901,148.95867227289438,113,3,indianFood
"Counter Culture",830/6 Farrell Place Majura ACT,0462622422,-35.18209470710593,149.21710898772034,295,5,mexicanFood
"Heart Hospital of Austin",558/7 Mulwala Lane Spence ACT,0436892349,-35.20688626022228,149.21567150086108,27,5,frenchFood
"Epic Fun",660/2 Baldessin Crescent Woden ACT,0458435005,-35.30646326319834,149.08069245761672,141,1,thaiFood
"Foxhole Culinary Tavern",195/5 Darwin Place Evatt ACT,0434864881,-35.38220894294643,149.2466763218096,174,2,turkishFood
"Don Japanese",189/4 Bunda Street Yarralumla ACT,0476841901,-35.273342343767375,148.9952592117028,270,5,mexicanFood
"BC - ThunderCloud Subs",428/4 Mort Street Comma ACT,0453153809,-35.30847084225796,149.07277145103515,142,1,malaysianFood
"Pizza Hut",841/8 William Clemens Street Woden ACT,0417347840,-35.28282088874245,149.19205432883848,47,1,thaiFood
"Once Over Coffee Bar",307/1 Parkes Way Woden ACT,0456019167,-35.43586464579898,149.11109969150763,106,3,indianFood
"Mi Pueblito Market",156/6 University Avenue Yarralumla ACT,0471991773,-35.340492791256786,149.2065288775327,139,1,frenchFood
"Austin Presbyterian Theological Seminary",514/4 Akuna Street Gungahlin ACT,0440888253,-35.282532363317664,149.14924386231448,122,3,malaysianFood
"Kikka Sushi @ Whole Foods",527/10 Verity Lane Comma ACT,0460121641,-35.17428678460309,149.14919290050906,34,5,chineseFood
"Costa del Sol",270/10 Bible Lane Barton ACT,0462739259,-35.43023256209241,149.1601693032101,93,2,americanFood
"KIPP Austin Public Schools, Inc",747/0 Binara Street Holt ACT,0497504241,-35.138145376611824,149.14899265563292,108,5,americanFood
"La Quinta Inn",442/1 Cooyong Street Campell ACT,0426790773,-35.429895926136815,149.1080994770978,41,3,italianFood
"Black Walnut Cafe",545/3 Phillip Law Street Majura ACT,0482318621,-35.26707500985756,149.22542135139764,232,4,mexicanFood
"Cyclo Restaurant",838/3 Moore Street Page ACT,0461401723,-35.167917910885755,149.1636333142587,22,2,koreanFood
"Michi Ramen 2",908/2 Theatre Lane Page ACT,0403715028,-35.359242938114356,149.2034956659952,226,1,turkishFood
"In-N-Out Burger",649/5 Garema Place Comma ACT,0449184956,-35.38294853786042,148.979366321629,218,2,japaneseFood
"BC - Bon Japanese Cuisine",723/0 Tocumwal Lane Comma ACT,0479134633,-35.294460553897395,149.16678729997096,133,1,malaysianFood
"West Cypress Hills Elementary School",41/5 Rimmer Street Coree ACT,0431099136,-35.408904147089395,149.14023869861546,11,1,malaysianFood
"Vigilante Gaming Bar",396/5 Marcus Clarke Street Holt ACT,0424082307,-35.39433938325994,149.06656428334645,37,4,mexicanFood
"Sweet Treets Bakery",816/4 Odgers Lane Tuggeranong ACT,0462355998,-35.23107683131931,149.187166843322,168,4,chineseFood
"Signature",942/3 Kendall Lane Comma ACT,0461688843,-35.30986078830183,149.1096467123617,35,1,koreanFood
"TaqueriaTierra Del Sol",569/10 The Mews Ainslie ACT,0421167731,-35.400408005078944,149.10803533209653,65,3,japaneseFood
"Dobie Mall--Niki's Pizza",929/9 Coranderrk Street Holt ACT,0445799902,-35.36672563067914,149.1382166151045,268,2,italianFood
"Little Deli & Pizzeria",427/8 Odgers Lane Campell ACT,0492973528,-35.42654430587366,149.0416561212625,119,2,japaneseFood
"Walton's Fancy & Staple",658/7 Verity Lane Barton ACT,0418383560,-35.18915619906558,149.1442315171876,103,3,indianFood
"Parsons House @ Austin",446/9 Baldessin Crescent Bruce ACT,0475880425,-35.31509533562902,149.17725073655544,159,3,italianFood
"Starbucks",401/1 Petrie Street Comma ACT,0436412554,-35.28309312096129,149.18869354617004,73,2,americanFood
"Tamale House",200/5 Rabaul Lane Woden ACT,0475090165,-35.409815973104905,149.0542458982051,89,5,indianFood
"The Kebab Shop",957/0 Vernon Circle Ainslie ACT,0406584004,-35.28282615663551,149.01437256932456,93,5,italianFood
"Escuelita del Alma",865/1 William Herbert Place Latham ACT,0441054894,-35.26581183953048,149.08010163188126,42,5,italianFood
"Deliver Eat Repeat",852/0 Murden Street Melba ACT,0482474682,-35.22158902768011,149.1648662859643,163,3,thaiFood
"Sur La Table",427/9 Nangari Street Campell ACT,0466659097,-35.31724411880645,149.14658606748864,59,3,turkishFood
"TKO Nutrition",101/9 Childers Street Spence ACT,0413585013,-35.317736690641325,149.08244846970524,132,3,mexicanFood
"St. Elmo Elementary",8/4 Phillip Law Street Campell ACT,0493607043,-35.33316308698652,149.2445571715339,19,4,indianFood
"MN - Wal-Mart",598/8 Cooyong Street Scullin ACT,0462192129,-35.32742523092445,149.08309059771497,175,2,americanFood
"Flea Market",877/9 Hales Street Melba ACT,0471094645,-35.43611072642876,149.24035952172287,64,2,italianFood
"Sour Duck Market",189/6 Genge Street Downer ACT,0480074344,-35.23286666445448,149.05479378549515,51,2,turkishFood
"Minimax Food Mart",902/10 Alinga Street Downer ACT,0411498175,-35.285666007476365,149.0379936860708,124,1,americanFood
"Kung Fu Tea",416/4 Coranderrk Street Reid ACT,0450619323,-35.21481005369553,148.96006399601947,206,2,chineseFood
"Outback Steakhouse",511/3 Hales Street Braddon ACT,0401206357,-35.23033976228037,149.2443786149758,25,3,chineseFood
"Ojeda Middle School Concession Stand",365/3 Bible Lane Campell ACT,0475440170,-35.16444096282357,149.08328047871433,150,2,mexicanFood
"Unbarlievable",226/8 Vernon Circle Cook ACT,0479046566,-35.4280211214616,149.07512635246965,124,5,americanFood
"Jack in the Box",217/3 Mccoy Circuit Evatt ACT,0491647965,-35.15762683337506,149.0919589709271,145,3,italianFood
"Hay Elotes",162/9 Parkes Way Melba ACT,0443823459,-35.33093093157187,149.11558098101875,123,5,malaysianFood
"Hay Elotes",97/5 Edinburgh Avenue Bruce ACT,0458727080,-35.162060417788716,149.06971451274882,14,4,indianFood
"Laurel Mountain Elem School",553/2 Bunda Street Evatt ACT,0463798158,-35.24635372716225,149.06354572796573,298,5,americanFood
"Walton's Fancy & Staple",969/1 Hutton Street Gungahlin ACT,0438662171,-35.24748107689709,149.21434198282654,123,3,frenchFood
"Uncle Phan Restaurant LLC",838/8 Genge Street Cook ACT,0475644978,-35.23302083987906,149.12080181033608,256,5,koreanFood
"Zeta Tau  Alpha Sorority",573/7 Gordon Street Kaleen ACT,0422017774,-35.186764931372416,149.0192384173592,139,5,indianFood
"Saint Michael's Catholic Academy Dining Hall",834/3 Edinburgh Avenue Ainslie ACT,0450486201,-35.18488325098619,149.10228467439794,53,4,turkishFood
"Wingstop",616/6 Baldessin Crescent Reid ACT,0487308346,-35.257044897704844,149.1715946913943,135,2,thaiFood
"La Michoacana Taqueria",919/6 Moore Street Evatt ACT,0454758099,-35.43385077526707,149.17933539057714,274,5,koreanFood
"Madam Mam's",108/10 Repertory Lane Gungahlin ACT,0465416041,-35.28769835417579,148.9685425933474,163,4,malaysianFood
"Super 8 Capitol Downtown",363/10 Kendall Lane Downer ACT,0485578128,-35.13831888919906,149.0666971440939,61,4,mexicanFood
"Wholly Cow Burgers",381/1 Petrie Street Tuggeranong ACT,0487756893,-35.344367651547955,149.14694926494508,259,1,frenchFood
"Omelettry, The",814/2 Baldessin Crescent Woden ACT,0430339060,-35.18252627693655,149.09365756543457,28,2,americanFood
"Angel's Ice House",754/5 Barry Drive Majura ACT,0433833240,-35.4358901210165,148.96454352773162,114,2,mexicanFood
"LW - Flores Mexican Restaurant",354/8 Hobart Place Melba ACT,0484741206,-35.33784250452953,149.00220889050647,115,2,koreanFood
"Del Valle ISD Opportunity Center",754/4 Genge Street Spence ACT,0400705885,-35.339991090801206,149.16909332834007,295,5,chineseFood
"La Feria Restaurant",116/9 Commonwealth Avenue Coree ACT,0413291414,-35.36242855141248,149.0246786541411,267,2,chineseFood
"La Casita Mexican Restaurant",918/7 University Avenue Braddon ACT,0492658918,-35.40166034239375,149.11953436953328,164,3,chineseFood
"Chocolaterie Tessa",414/7 Marcus Clarke Street Tuggeranong ACT,0419739241,-35.17020637971123,149.19173083305398,139,2,japaneseFood
"GRIZZELDAS",94/3 Genge Street Gungahlin ACT,0414135474,-35.41241005014606,149.14771765637735,201,3,japaneseFood
"K Bop",670/9 Scotts Crossing Downer ACT,0430880687,-35.17623183408814,149.24911857363978,228,1,turkishFood
"Eddie V's",444/8 Allsop Street Page ACT,0484934504,-35.25441116747456,149.1324835220802,225,5,turkishFood
"HEB",758/9 Scotts Crossing Campell ACT,0414115903,-35.32183412211818,149.19924732646825,129,5,americanFood
"Whole Foods Market",637/5 Baldessin Crescent Evatt ACT,0496199239,-35.202185747086176,149.0292858296577,61,1,italianFood
"Local Post, The",914/1 Edinburgh Avenue Barton ACT,0442208845,-35.171247674077414,149.0336789453079,186,3,malaysianFood
"Red Pepper Szechaun Restaurant",641/7 Childers Street Woden ACT,0432843470,-35.177215212582524,149.1420130304292,184,5,koreanFood
"Gringas Tacos LLC",260/0 Cooyong Street Barton ACT,0496396528,-35.25905436233473,148.9557151298071,64,1,turkishFood
"ARAMARK @ Rack Space",945/9 Edinburgh Avenue Bruce ACT,0420415536,-35.327162487072066,149.06964070662656,78,5,turkishFood
"Paradise On Ice, LLC",463/0 Akuna Street Coree ACT,0498782109,-35.36034707029563,149.0456145717195,206,3,thaiFood
"Willie's Burgers and BBQ",624/0 Latin American Plaza Tuggeranong ACT,0401230654,-35.34678760348947,148.96102138856585,246,2,koreanFood
"Jack in the Box",37/2 Coranderrk Street Woden ACT,0464643932,-35.33005678923517,148.9514229758007,235,5,italianFood
"Accent Food Service",69/3 Parkes Way Reid ACT,0460052758,-35.23291290505739,148.98844187940483,79,1,indianFood
"Cherry Creek Catfish Company",687/0 Edinburgh Avenue Woden ACT,0483257599,-35.40230186920357,149.08382310265858,218,3,koreanFood
"Paola's Kitchen",380/2 Repertory Lane Page ACT,0420733250,-35.28658704163129,148.97003677004784,251,1,turkishFood
"Deerpark Middle School",249/1 Darwin Place Spence ACT,0458122549,-35.18300011327237,148.95510787801177,280,3,koreanFood
"Yager Food Store",866/8 Farrell Place Spence ACT,0446003021,-35.399832408561096,149.10350320551441,146,5,turkishFood
"Bluebonnet School of Canyon Creek",623/1 Vernon Circle Scullin ACT,0460863537,-35.27498079108391,149.2517616890838,25,5,italianFood
"McDonald's ",594/4 Ainslie Place Gungahlin ACT,0498823529,-35.23704547515042,149.08476659812675,248,2,americanFood
"El Jacalito",620/3 Cooyong Street Comma ACT,0449091469,-35.30896250039107,149.20502331250563,267,3,mexicanFood
"Tinos Greek Cafe",641/5 Northbourne Avenue Scullin ACT,0429403979,-35.43162194319922,149.2050925319143,252,4,indianFood
"Speedy Stop",19/10 The Mews Coree ACT,0411706125,-35.23133246936758,149.14087114954978,259,1,turkishFood
"Flea Market",401/2 Canberra Walk Yarralumla ACT,0406974436,-35.2797144391428,148.96157979752013,198,4,frenchFood
"Simmering Soup Co.",416/4 Cooyong Street Ainslie ACT,0495736473,-35.378684040010924,149.05872736457366,291,5,americanFood
"Residence Inn Austin Airport",282/1 Farrell Place Reid ACT,0421660726,-35.169590224219455,149.18868762915943,97,4,malaysianFood
"EPOCH Coffee",936/5 Ainslie Avenue Page ACT,0404686225,-35.27013264659021,149.1136707425817,290,5,koreanFood
"A. R. Market",219/5 Parkes Way Barton ACT,0460500236,-35.226167231247146,149.1480602765304,78,5,koreanFood
"MN- Shadowglen Elementary",660/2 West Row Cook ACT,0470973308,-35.161930340702156,149.2294892036078,65,4,americanFood
"LifeWorks Division",615/3 Constitution Avenue Scullin ACT,0496229654,-35.40547669142702,149.11816383912318,128,2,koreanFood
"El Agazajo Bar",915/0 Allsop Street Campell ACT,0460466225,-35.28454470890704,149.1506691109956,40,5,indianFood
"Torchy's Tacos",592/0 Commonwealth Avenue Downer ACT,0484392334,-35.39609560547486,149.02865401081536,70,4,mexicanFood
"Staybridge Hotel",811/0 Mulwala Lane Ainslie ACT,0480382658,-35.136004416310826,149.21950563163642,188,2,frenchFood
"Yummi Joy",211/1 William Herbert Place Woden ACT,0404601481,-35.371204618884576,149.112694126954,296,4,frenchFood
"N Lamar Service Station-JN",984/8 Hutton Street Gungahlin ACT,0480293380,-35.36203723202216,149.07190843229606,236,1,koreanFood
"Poco Loco Supermercado - Deli & Bakery",943/4 Petrie Street Comma ACT,0415505670,-35.17464982260847,149.16848970168886,182,5,americanFood
"U-Flote-M",374/4 Mulwala Lane Latham ACT,0419075683,-35.402522351674854,148.97207655316606,106,3,mexicanFood
"Alamo Drafthouse Cinema",968/4 Genge Street Comma ACT,0428811564,-35.34183122176667,149.15988588195924,89,5,turkishFood
"Kofuku, LLC/Kyoten",559/5 Petrie Plaza Comma ACT,0484580276,-35.25368572153813,149.0721135054472,76,2,thaiFood
"Arellano Snack Bar",276/10 Odgers Lane Kaleen ACT,0480056000,-35.40988179735524,148.9720970710672,177,2,malaysianFood
"Taco Bell",622/3 Ballumbir Street Latham ACT,0468077909,-35.19469761939863,149.1435343457874,231,2,japaneseFood
"SV - Funkadelic, The",185/3 Petrie Plaza Majura ACT,0410512379,-35.19898227087882,148.98263232869675,70,5,italianFood
"Oak Hill Coffee",458/0 The Mews Scullin ACT,0425877327,-35.29384160926099,149.2375584345718,157,1,mexicanFood
"OOB Petro Mart",717/4 Scotts Crossing Braddon ACT,0406978754,-35.36642445687038,149.20277363021088,125,2,americanFood
"Mr. Natural",263/6 Ainslie Place Holt ACT,0491806619,-35.252517640783076,149.09400565097016,136,2,malaysianFood
"Which Wich",261/3 University Avenue Comma ACT,0450230153,-35.2681957657326,148.9571665783827,250,5,italianFood
"La Traviata",519/0 Barry Drive Scullin ACT,0413737996,-35.157127555497325,149.15564709086615,43,1,italianFood
"Walgreens",23/2 Marcus Clarke Street Woden ACT,0437557041,-35.137811404225204,149.1809219432672,289,2,mexicanFood
"River City Market",90/9 Hutton Street Majura ACT,0484053211,-35.32580467220722,149.06543900605743,191,2,indianFood
"Dollar General Store",188/9 Commonwealth Avenue Gungahlin ACT,0439017235,-35.36247174938875,149.23895431554084,172,3,thaiFood
"Cloak Room, The",725/9 Scotts Crossing Spence ACT,0453361590,-35.13551432493623,149.0612515177156,13,2,italianFood
"Salvation Pizza/Durham Trading Partners X",726/0 Hillside Lane Comma ACT,0454631241,-35.258327665232265,149.03260802835607,13,3,malaysianFood
"Costco - Bakery",14/5 Edinburgh Avenue Evatt ACT,0403661648,-35.20938115413355,149.20800211580922,238,4,turkishFood
"Heo Eatery",662/4 Nangari Street Reid ACT,0482693261,-35.24299294550674,149.22631865168842,279,5,koreanFood
"Taqueria Arandas",651/3 Narellan Street Campell ACT,0469253930,-35.28118077303131,149.08692881919367,276,3,indianFood
"Foodspot",685/6 Marcus Clarke Street Evatt ACT,0495969589,-35.17580015533784,149.03622527321903,41,5,turkishFood
"Texican Cafe",292/9 Theatre Lane Coree ACT,0493481615,-35.39811501791278,149.17271870143392,206,3,mexicanFood
"Cenote",625/9 Marcus Clarke Street Scullin ACT,0423153956,-35.30334736919408,148.97278164655924,22,1,mexicanFood
"Cru Wine Bar",90/1 Childers Street Majura ACT,0424856135,-35.266582119875814,149.12388608910845,199,3,japaneseFood
"Accent Food Services",406/2 Murden Street Reid ACT,0454195091,-35.20330984126971,149.03330321178422,297,3,malaysianFood
"Last Straw",260/0 Scotts Crossing Braddon ACT,0417380641,-35.28276643222554,148.97829926784314,186,1,japaneseFood
"BC - Starbucks Coffee",401/10 Moore Street Ainslie ACT,0416325160,-35.24966717807084,149.19397883875206,159,1,italianFood
"Chipotle Mexican Grill",145/7 Latin American Plaza Downer ACT,0465395039,-35.25692220388777,149.04953012386815,270,3,turkishFood
"Ridgetop Elementary",74/5 Murden Street Holt ACT,0417969004,-35.21046172323594,149.15253926986026,24,1,americanFood
"Church's Chicken Store No. 386",18/2 Garema Place Gungahlin ACT,0433322604,-35.2894208096502,148.96297114909817,151,1,italianFood
"Wal-Mart",606/5 William Herbert Place Downer ACT,0430493993,-35.176986933186875,149.11128464802152,238,3,japaneseFood
"LW - Titas Tacos",225/9 Akuna Street Spence ACT,0418418734,-35.39717368429476,149.00031476776016,102,2,malaysianFood
"Wok'N Express",832/5 Scotts Crossing Bruce ACT,0444701908,-35.37599362001666,149.08473840883843,179,3,koreanFood
"Palomita Child Development Center",967/9 University Avenue Comma ACT,0442005813,-35.18697625847289,149.1992998730854,190,3,americanFood
"Jugo",355/1 Petrie Plaza Woden ACT,0474930001,-35.30352387500893,149.0190095575243,157,5,americanFood
"Espressoself",159/9 Odgers Lane Ainslie ACT,0456512435,-35.236534178250636,149.24448803655076,16,5,mexicanFood
"Whole Foods Market - Meat Department",42/5 Northbourne Avenue Page ACT,0475425046,-35.327214742315526,149.16631822776685,160,5,thaiFood
"Progressive Insurance",389/0 Hutton Street Woden ACT,0463660611,-35.19919715784825,149.19982477955037,156,3,thaiFood
"Forest Bluff Grocery",191/3 Nangari Street Melba ACT,0490649131,-35.402106480909204,149.02322232497795,56,2,turkishFood
"Taco Shack",830/8 Verity Lane Coree ACT,0466096038,-35.23570482412062,149.18341434660974,142,3,indianFood
"Bill Miller BBQ",687/9 Hillside Lane Campell ACT,0456725720,-35.19278634717529,149.1759747460631,77,1,koreanFood
"Snarf's",274/7 Narellan Street Campell ACT,0446557133,-35.41803689875641,149.10754137186512,281,4,thaiFood
"Voodoo Doughnut",249/6 Riverside Lane Cook ACT,0479033726,-35.368680085786494,149.19055475361367,43,1,turkishFood
"Springhill Suites",268/4 Ainslie Place Comma ACT,0449072630,-35.237446883578855,149.11479722885477,142,2,indianFood
"White Horse, The",866/1 Petrie Plaza Coree ACT,0413218929,-35.4157387434332,149.01678793781593,105,4,italianFood
"The Bee Grocery",329/0 Murden Street Melba ACT,0403157073,-35.292909854725806,149.00473237238572,259,2,indianFood
"JD's Supermarket - Bakery/Deli",322/8 Allsop Street Barton ACT,0400423025,-35.27138557741145,149.0899265249352,214,3,frenchFood
"Oasis Texas Brewing Co.",332/4 The Mews Evatt ACT,0497149147,-35.41572909003953,149.18096844298842,269,3,japaneseFood
"7-Eleven Convenience Store",701/5 Hillside Lane Downer ACT,0437558031,-35.41126868631155,149.19311830789948,289,3,koreanFood
"Dessau Middle School",435/7 Ainslie Place Page ACT,0440382022,-35.37031487306564,149.12303942961032,167,4,turkishFood
"Nelo's Cycles & Coffee",288/9 Murulla Lane Scullin ACT,0464290957,-35.27261839886325,148.99337635021334,141,3,americanFood
"Knight's Assisted Living",864/4 Rabaul Lane Page ACT,0459498147,-35.24145890786532,149.17094784186511,225,2,indianFood
"Oumi Sushi at Sprouts 125",962/0 Mulwala Lane Ainslie ACT,0488050116,-35.437351831194086,149.09222786402233,50,4,japaneseFood
"Jack in the Box",438/2 Tocumwal Lane Kaleen ACT,0418142617,-35.17521053682748,149.09240372906402,250,5,italianFood
"Austin Gourmet Popcorn",190/9 Murulla Lane Gungahlin ACT,0425826694,-35.361964356918,149.23982123832025,213,2,mexicanFood
"Lonesome Dove Western Bistro Austin",133/1 Darwin Place Page ACT,0429048961,-35.34974772272949,149.19101868773765,256,5,turkishFood
"Bill Miller BBQ",814/5 Vernon Circle Scullin ACT,0470167198,-35.31799636208154,148.96007784638778,99,2,indianFood
"OOB-LW-Holiday Inn Express & Suites",534/7 Childers Street Kaleen ACT,0430900674,-35.194648364059,149.16642247788718,59,3,italianFood
"Bucket's Deli & Sports Bar",24/3 Garema Place Barton ACT,0430140984,-35.32458541846675,149.18923285895366,88,4,chineseFood
"MN - Wal-Mart",353/0 Murulla Lane Scullin ACT,0474039389,-35.42804716739583,149.22773605491363,282,4,malaysianFood
"Bill Miller's Bar-B-Q",68/8 Vernon Circle Bruce ACT,0460018004,-35.43128512759269,148.9737218968795,243,5,turkishFood
"SV - Tarka Indian Kitchen",928/2 Odgers Lane Majura ACT,0412053897,-35.22008296351435,149.08935104883068,259,2,chineseFood
"CAVA Mezze Grill",274/2 Verity Lane Gungahlin ACT,0447782413,-35.154170403869735,149.01341707324093,18,4,chineseFood
"WL- Kerbey Lane Cafe -Westlake",541/0 Commonwealth Avenue Bruce ACT,0441190959,-35.252782599089834,149.09679562417298,265,3,malaysianFood
"Southside Flying Pizza",438/9 Genge Street Barton ACT,0478660581,-35.19683002513455,148.97596477965027,176,2,turkishFood
"Kerbey Lane Cafe",867/4 William Clemens Street Barton ACT,0421819542,-35.24063853279774,149.02211019515192,111,2,indianFood
"Hop Doddy Burger Bar",939/7 Rudd Street Page ACT,0453224291,-35.161030730273225,148.959516871295,246,5,thaiFood
"ABIA - Ruta Maya",558/0 Petrie Plaza Ainslie ACT,0431420553,-35.38871849597713,149.20647125372008,10,3,chineseFood
"Race Express",814/10 Mccoy Circuit Cook ACT,0458718688,-35.28511580308858,149.01060937524355,256,2,americanFood
"Travis High School Child Development Center",54/5 Binara Street Latham ACT,0431107178,-35.377134559549475,149.0270461447532,300,1,koreanFood
"OOB- Stonebridge SN Health Center",850/7 Theatre Lane Yarralumla ACT,0490130166,-35.1850782113728,148.95708479668585,205,1,malaysianFood
"CVS Pharmacy",511/9 William Herbert Place Evatt ACT,0487488307,-35.40182500541884,149.13395070479172,162,5,japaneseFood
"Nespresso USA, Inc",972/7 Gordon Street Yarralumla ACT,0469308235,-35.18143871439957,149.09480499012693,107,3,indianFood
"Lee's Almost By The Lake",420/6 Hutton Street Coree ACT,0421416014,-35.15461057261464,149.20886320465448,226,5,italianFood
"Nicholson Early Childhood Education Center",52/5 Mccoy Circuit Yarralumla ACT,0410006931,-35.429344957235244,149.1696490676119,173,2,frenchFood
"Hospice Austin",938/2 Canberra Walk Kaleen ACT,0401362802,-35.36743143132943,148.9941592527709,297,2,malaysianFood
"LW - Wendy's Old Fashion Hamburgers",442/8 Murden Street Evatt ACT,0419717121,-35.39176649499957,149.00020314466445,254,3,americanFood
"Hospira",387/2 Hales Street Coree ACT,0423325731,-35.430741960299024,149.02484172925006,101,4,japaneseFood
"MN - Lagos Elementary",687/4 Petrie Plaza Gungahlin ACT,0400909074,-35.213307147896515,149.04452500343703,148,2,turkishFood
"Sam's Club",670/2 Ballumbir Street Evatt ACT,0449012731,-35.149676941244444,149.1964563574257,165,3,koreanFood
"Taqueria Chapala",786/10 Scotts Crossing Holt ACT,0417191673,-35.144023976743355,149.03254632123677,105,4,frenchFood
"2 Dine 4 Fine Catering",530/7 Baldessin Crescent Page ACT,0489501567,-35.21481543521257,148.96420252552656,244,5,koreanFood
"MN-Pizza Hut",886/10 Commonwealth Avenue Woden ACT,0481272621,-35.26678249587401,148.95583226934025,280,5,americanFood
"S H Donuts",742/0 Hobart Place Yarralumla ACT,0427502922,-35.202234397146135,148.99684280392637,127,5,americanFood
"Mama Fu's Lakeline",226/10 Bunda Street Gungahlin ACT,0456091036,-35.33140031613142,149.07754214370766,133,2,indianFood
"Target Store T2288 - Starbucks",45/3 Theatre Lane Comma ACT,0440548194,-35.17100801534861,149.190874633069,136,1,americanFood
"SV - Doc's Backyard",676/10 Kingsley Street Yarralumla ACT,0448059273,-35.39514154869956,149.17456199738814,199,3,frenchFood
"Tiniest Bar in Texas",774/3 Rudd Street Cook ACT,0447873713,-35.159518638399504,149.18891446242637,127,5,thaiFood
"Fiesta Mart",473/10 London Circuit Campell ACT,0494393185,-35.157394847821074,149.22932885092254,15,5,indianFood
"RZN Enterprises Inc.",403/1 Murulla Lane Majura ACT,0452232590,-35.358976536476305,149.2067327441949,173,5,koreanFood
"PF - Pflugerville Donut",154/6 University Avenue Page ACT,0492649030,-35.26823115858868,149.00844937212207,31,1,malaysianFood
"827 Ray's Kitchen + Cellar",846/1 London Circuit Scullin ACT,0414881756,-35.4392856687861,148.98441532515594,264,3,japaneseFood
"Country Boyz Fixins",192/2 Nangari Street Tuggeranong ACT,0481730673,-35.201890020532865,149.0462346485162,36,2,mexicanFood
"Thundercloud Subs",455/5 Mulwala Lane Kaleen ACT,0421725169,-35.14769532390866,149.19524091299354,167,1,mexicanFood
"7 Eleven",713/6 Murden Street Evatt ACT,0433826968,-35.302561602816766,149.15119804270694,54,4,chineseFood
"RW - Nothing Bundt Cakes",286/3 Narellan Place Woden ACT,0450478745,-35.25427079232365,149.0431839613226,68,2,mexicanFood
"7-Eleven 36559H",632/2 Marcus Clarke Street Scullin ACT,0478771028,-35.203505127036564,149.19872580942868,188,2,indianFood
"Marbridge Foundation-Winters",275/10 Ainslie Place Evatt ACT,0452564180,-35.31681799460468,149.10663798482162,230,2,turkishFood
"Food' n More",508/8 Repertory Lane Holt ACT,0479113594,-35.271161583133086,149.20922489401627,281,4,frenchFood
"Luca Villa Pizza",719/2 Phillip Law Street Campell ACT,0450061621,-35.368274570529884,149.146712300364,38,2,frenchFood
"Wal-Mart Supercenter",582/9 Coranderrk Street Majura ACT,0489754603,-35.39829474327968,149.06697937805913,226,5,malaysianFood
"HEB  Retail",16/10 Kendall Lane Tuggeranong ACT,0475864569,-35.373691677979785,149.08002397464637,261,3,japaneseFood
"Chick-Fil-A",426/0 Rudd Street Campell ACT,0476629997,-35.15903700587777,149.10456495999347,89,3,turkishFood
"Starbucks",220/2 Coranderrk Street Latham ACT,0429706898,-35.35439311780896,148.9785376058962,207,2,malaysianFood
"Whole Foods Market - Grocery",601/7 Odgers Lane Braddon ACT,0421638460,-35.2345098409285,148.95588344079945,130,2,malaysianFood
"Quinta Caporales Meat Market- Deli",938/7 Marcus Clarke Street Kaleen ACT,0463536177,-35.1741327228233,149.2305587720478,212,4,chineseFood
"Guckenheimer @ Centene Austin",959/0 West Row Spence ACT,0420033418,-35.196644966172585,148.97026796900082,155,3,japaneseFood
"John Connally High School",918/8 Allsop Street Scullin ACT,0475182551,-35.301932053078275,149.1438576928797,53,1,turkishFood
"One Taco",827/7 East Row Latham ACT,0489242210,-35.256958457649546,148.99437945650325,29,1,americanFood
"East Austin College Prep",283/3 Cooyong Street Campell ACT,0455439038,-35.39197299843045,149.10859890971415,213,3,japaneseFood
"OOB Wild Bubba's Wild Game Grill",355/10 Edinburgh Avenue Gungahlin ACT,0437889569,-35.15923255626573,149.01332801682472,167,1,japaneseFood
"Accent Food Services",267/7 Ballumbir Street Ainslie ACT,0447843923,-35.40623538898381,149.061550752984,274,3,malaysianFood
"Austin Cake Ball LLC",692/4 Allara Street Latham ACT,0484354613,-35.25994084910415,149.07726660010144,112,5,chineseFood
"Mr. Natural",892/3 Constitution Avenue Gungahlin ACT,0491809802,-35.1890391333136,149.03722267247974,77,4,turkishFood
"BC - Domino's",859/4 Kendall Lane Comma ACT,0442739366,-35.2021286946983,149.1238379846401,128,5,americanFood
"Michoacana Natural Ice Cream",733/3 Allsop Street Yarralumla ACT,0465472828,-35.33036034410127,149.0714744447338,99,4,koreanFood
"Subway",263/10 Riverside Lane Coree ACT,0497581225,-35.28660968573899,149.0928365314849,82,2,frenchFood
"Pflugerville Donuts",91/5 Vernon Circle Spence ACT,0440588050,-35.26580579173479,149.09300489103984,163,4,turkishFood
"Residence Inn Austin Northwest / Near the Domain",980/5 Cooyong Street Tuggeranong ACT,0494439199,-35.183790955034105,149.07007169036862,78,3,americanFood
"Tan My Restaurant",901/4 Hobart Place Comma ACT,0478675959,-35.19829058715304,149.12614361181087,203,3,turkishFood
"SV-Jenny Craig Weight Loss Center",102/5 Mccoy Circuit Majura ACT,0450809244,-35.391299133272554,149.0236465233814,114,2,malaysianFood
"Home Slice Pizza",71/9 Murden Street Majura ACT,0446164271,-35.351255459565536,149.0446519922954,119,2,indianFood
"Blue Star Alkaline Water Store",285/1 Narellan Place Woden ACT,0448785916,-35.40897240623234,149.11112332213673,92,5,indianFood
"Sonic Drive In",911/5 Genge Street Woden ACT,0403647470,-35.30481585107495,149.06359194378192,86,2,chineseFood
"Flower Child",527/4 William Herbert Place Barton ACT,0436361615,-35.268406997626634,148.99323626039026,203,2,thaiFood
"Guckenheimer",428/0 Theatre Lane Evatt ACT,0440796761,-35.142882034999005,148.98156820230858,61,3,chineseFood
"Barbara Jordan Elem School",351/0 Scotts Crossing Latham ACT,0402757511,-35.30858025552007,149.20756525672243,158,5,frenchFood
"Green Pastures",742/3 Murulla Lane Scullin ACT,0436824243,-35.280601191273554,149.23196951502962,297,1,chineseFood
"BC - Primrose School of Bee Cave",690/8 Odgers Lane Cook ACT,0498429603,-35.23307804245259,149.18127883090906,246,3,italianFood
"Casulo Cafe",105/3 Petrie Plaza Holt ACT,0475127633,-35.25651008023792,148.95906518781203,268,5,thaiFood
"Mom's Taste",278/4 Bunda Street Barton ACT,0490335049,-35.25551650049326,148.96241946638838,267,1,thaiFood
"Chuck E. Cheese's",898/1 Rimmer Street Tuggeranong ACT,0492249842,-35.41192917254182,149.1651722407821,104,1,americanFood
"Marshall Ford Grocery",427/8 Edinburgh Avenue Kaleen ACT,0484250884,-35.215188928526075,149.1375531581035,135,4,turkishFood
"Mangia Pizza",175/10 Rabaul Lane Reid ACT,0465873457,-35.17870350874482,149.2383607157823,161,3,mexicanFood
"Austin Country Club - Pool Snack Bar",790/7 Wilden Street Braddon ACT,0491278886,-35.19791650967998,149.09348812660764,44,5,turkishFood
"Fujian Grand China Buffet",202/10 Vernon Circle Evatt ACT,0438827589,-35.430034009348766,149.08645262176418,55,5,chineseFood
"Colonial Gardens of Austin A-2",804/10 William Clemens Street Spence ACT,0461156151,-35.42220441167975,148.96077266293614,122,1,turkishFood
"Aviary",882/7 Parkes Way Holt ACT,0408086155,-35.161743026291454,149.20816537295354,112,3,mexicanFood
"Subway",651/7 Gordon Street Latham ACT,0481735984,-35.33317867544846,149.0602500909994,187,1,italianFood
"Austin Beer Garden Brewing Co., The",478/5 Murulla Lane Holt ACT,0404537674,-35.181604514854556,148.96187601733507,218,1,frenchFood
"BC - Whole Foods Market - Produce",969/0 Murulla Lane Evatt ACT,0498569940,-35.18066196072978,149.02308368565215,280,2,mexicanFood
"Berkman Food Mart",718/1 Theatre Lane Woden ACT,0440928613,-35.1443437724198,149.11399546367434,77,2,chineseFood
"Which Wich",723/8 West Row Reid ACT,0442180639,-35.239872439090675,149.1519500919721,198,4,thaiFood
"WL - HEB",735/1 Ellery Crescent Yarralumla ACT,0428429813,-35.353736558428096,149.0020256177324,226,4,frenchFood
"7-Eleven Convenience Store",53/3 Ainslie Avenue Campell ACT,0411183315,-35.381732117545134,149.0976424877559,250,1,italianFood
"Paco's Tacos",688/5 Ainslie Avenue Comma ACT,0420529442,-35.423405535132055,149.20890132491746,171,2,chineseFood
"Golden Rooster Feed General Store",635/6 Barry Drive Melba ACT,0463296392,-35.19026069112917,149.1954473914594,227,5,turkishFood
"Gullett Elementary",940/6 Kingsley Street Melba ACT,0492045619,-35.30227614445198,148.98791444094257,47,3,koreanFood
"Riverside Golf Course",945/7 Verity Lane Evatt ACT,0417418111,-35.194877553048514,149.1839245825917,225,2,japaneseFood
"Jardin Corona",357/7 Binara Street Campell ACT,0463646977,-35.382516430862694,148.98581538785123,87,1,chineseFood
"Cedar Corner Store",525/2 Barry Drive Campell ACT,0429913460,-35.30076205636006,149.1052928267616,194,1,turkishFood
"Thistle Cafe",657/2 Alinga Street Latham ACT,0475424846,-35.40291864003454,148.9931776063458,209,1,chineseFood
"New Speedway",889/2 West Row Scullin ACT,0480784020,-35.139783240835335,149.07959829583103,254,3,mexicanFood
"Jersey Mike's Subs",550/4 Coranderrk Street Scullin ACT,0420667737,-35.2723413608796,149.0004133661926,259,5,italianFood
"Jack in the Box",343/2 Narellan Place Melba ACT,0457584098,-35.135456564118876,149.18150517813478,168,5,japaneseFood
"HEB Foods Store",229/2 Vernon Circle Coree ACT,0498998767,-35.32441605756561,149.08085944925378,199,2,mexicanFood
"Shop N Carry",7/1 Ainslie Place Braddon ACT,0409703375,-35.355450294755364,149.21716185496146,164,3,frenchFood
"MOD Pizza",112/10 Ellery Crescent Ainslie ACT,0432969735,-35.36024883035913,149.11061924976931,108,3,malaysianFood
"Long John Silver's",496/7 Cooyong Street Campell ACT,0440388874,-35.21923054529721,149.00926054603602,216,1,koreanFood
"OOB - Comfort Suites Hotel",506/8 Murden Street Cook ACT,0494346857,-35.226923763487726,149.14653127902452,166,5,koreanFood
"Central Star Lodge",907/9 Petrie Plaza Tuggeranong ACT,0437071882,-35.2545189178446,149.14036010111928,285,5,malaysianFood
"OOB - Red's Porch",221/8 Bunda Street Comma ACT,0492623024,-35.215224913839684,148.95139628154044,17,4,thaiFood
"East Side Market",506/10 Edinburgh Avenue Cook ACT,0487976859,-35.432874203511815,149.20193680822453,205,5,koreanFood
"Taqueria La Familia Mex Restaurant Inc",243/6 Tocumwal Lane Page ACT,0443040615,-35.4390735270387,149.13898947466635,144,5,koreanFood
"Chapala Restaurant & Fruit Cup",852/6 Mulwala Lane Holt ACT,0499172929,-35.298761707308216,149.24289195562056,65,4,frenchFood
"St Francis School",446/1 Theatre Lane Coree ACT,0446162969,-35.270441943357596,149.0834607573858,288,2,americanFood
"Pho Van",430/9 Rimmer Street Page ACT,0420912064,-35.20358884156917,148.99633742297493,241,4,indianFood
"Zoe's Kitchen",652/8 Repertory Lane Page ACT,0406881797,-35.37861866199206,149.10891208698686,98,2,americanFood
"Garbo's Lobster",504/4 Ainslie Avenue Gungahlin ACT,0462511716,-35.246443868178446,148.9747827398763,21,3,thaiFood
"Twin Creeks Country Club",475/9 Darwin Place Melba ACT,0471643676,-35.33619640623843,148.95612110608198,173,1,indianFood
"Biderman's Deli, LLC",501/10 Moore Street Comma ACT,0473960905,-35.21484944944584,149.08526651284546,258,5,koreanFood
"Davod's Mediterranean Market",949/9 Narellan Place Kaleen ACT,0418733939,-35.20752804541321,149.08163451839624,33,5,mexicanFood
"Jo's Hot Coffee Good Food",587/1 University Avenue Braddon ACT,0462215082,-35.398627781535176,149.06523106771186,111,4,italianFood
"La Quinta Inn",411/5 Rimmer Street Cook ACT,0426232034,-35.19083832501907,149.24758325714473,120,2,malaysianFood
"Smoothie Factory",920/5 Moore Street Page ACT,0436796423,-35.32525067606795,149.1353227683986,275,1,thaiFood
"Wal-Mart Supercenter",433/3 Hobart Place Melba ACT,0446514382,-35.19943300085365,149.24184966134874,164,1,indianFood
"Peace of Mind",842/2 Latin American Plaza Reid ACT,0491310874,-35.313125786351556,149.03529480041954,223,5,mexicanFood
"The Children's Center of Austin",7/4 Ainslie Avenue Braddon ACT,0492835888,-35.33864418025434,148.9748306051302,133,2,thaiFood
"Nurturing Child Care Center",302/5 Nangari Street Kaleen ACT,0426848514,-35.17168442598331,148.9719840378369,242,1,thaiFood
"Longhorn Village - Memory Support Country Kitchen",203/0 Barry Drive Bruce ACT,0414017173,-35.35807979018289,149.16282586938297,35,1,turkishFood
"Applebee's",982/4 Repertory Lane Bruce ACT,0466252694,-35.13808707540491,149.1492603195432,213,3,indianFood
"Uchiko",32/2 Childers Street Comma ACT,0424184783,-35.15198702015359,149.2031959917928,12,5,japaneseFood
"Walnut Market",474/9 William Clemens Street Yarralumla ACT,0473031643,-35.43518433997258,148.95483752518263,93,4,japaneseFood
"E Braker Lane Food Mart",902/1 Mulwala Lane Cook ACT,0467725771,-35.238795691628496,148.98182469324703,50,4,americanFood
"Fleming's Prime Steakhouse & Wine Bar",753/8 Marcus Clarke Street Melba ACT,0403559484,-35.21151919163286,149.23408980781528,169,4,chineseFood
"House Park Bar-B-Que",218/10 Ainslie Place Yarralumla ACT,0498713364,-35.2946406228444,149.14528968273967,209,5,japaneseFood
"Da Slice",923/10 Petrie Street Campell ACT,0448937268,-35.281501209275156,149.18996238635773,168,5,italianFood
"Little Woodrow's",199/9 Canberra Walk Comma ACT,0468615540,-35.14114822499905,149.02610664081072,107,3,malaysianFood
"Sugar Mama's Bakeshop",337/1 Rimmer Street Bruce ACT,0429384635,-35.322648987924616,149.21750851564443,166,5,koreanFood
"Panda Express",377/10 Riverside Lane Campell ACT,0475315117,-35.2693390223235,149.00983996528066,35,2,malaysianFood
"Michelle's Patisserie",194/9 Gordon Street Campell ACT,0428996519,-35.23329619266587,149.24825166130572,239,5,americanFood
"BC - Schmidt Family Barbecue",344/5 Rimmer Street Tuggeranong ACT,0414359467,-35.187114466779505,149.0301917767732,180,4,malaysianFood
"El Rancho Supermarker",828/9 The Mews Kaleen ACT,0414287057,-35.209068698459944,149.0087785820518,155,1,thaiFood
"Smoothie King",796/6 Bible Lane Page ACT,0400187523,-35.23210325315037,149.16619059359587,90,3,americanFood
"Heritage of Gaines Ranch-Main Kit",380/10 Verity Lane Yarralumla ACT,0493082780,-35.41940521422605,148.98333833007584,52,1,chineseFood
"McDonalds's",314/4 West Row Gungahlin ACT,0442639960,-35.279315367084784,149.09997198928528,14,1,thaiFood
"O'Neill's Catering",617/3 Nangari Street Holt ACT,0468278902,-35.16625242503545,149.1944991659703,148,5,mexicanFood
"INKA Chicken",399/10 Tocumwal Lane Kaleen ACT,0419968849,-35.26081378167928,149.11428318468464,263,2,italianFood
"LW - Juiceland",79/10 Bunda Street Yarralumla ACT,0421734185,-35.28606622124106,148.95366132989344,265,1,italianFood
"OOB-SpringHill Suites",718/8 Baldessin Crescent Page ACT,0454963371,-35.270071426084,149.2094431744633,91,1,indianFood
"Dollar General",721/1 Knowles Place Kaleen ACT,0403718715,-35.226238166980686,149.24656434858687,135,2,mexicanFood
"JK Diamond",148/10 Darwin Place Tuggeranong ACT,0487073667,-35.1529732231546,149.01747094971356,182,1,malaysianFood
"Four Points Middle School",880/7 Narellan Place Majura ACT,0412699738,-35.3875030989669,149.16865677284622,86,3,italianFood
"Vinaigrette TX LLC",39/7 Kendall Lane Page ACT,0443049617,-35.410811706726946,149.15761831587656,290,1,thaiFood
"Govalle Elementary",767/9 Odgers Lane Downer ACT,0492373263,-35.21597950706879,149.22473628680703,155,3,italianFood
"Polvos Mexican Rest",766/3 Edinburgh Avenue Evatt ACT,0497110525,-35.16509439155975,149.21228564655522,16,1,turkishFood
"JJ Pickle Elementary School",779/2 Rimmer Street Reid ACT,0404811388,-35.425601261426515,149.1668763206871,102,2,thaiFood
"Pavilion At Great Hills, The",461/2 Ainslie Place Page ACT,0438120174,-35.27218670563586,149.15782061475232,32,1,americanFood
"Lola Savannah Coffee",598/4 Bunda Street Comma ACT,0419351094,-35.25293348538657,149.1451443559045,254,1,koreanFood
"Las Lomas Mexican Restaurant",960/0 Baldessin Crescent Bruce ACT,0429907067,-35.35341007858578,148.9940826970645,123,1,koreanFood
"Carrabba's Italian Grill",721/1 Murulla Lane Melba ACT,0409418520,-35.402184192972285,149.01062228106193,198,3,italianFood
"Colonial Gardens of Austin A-2",144/7 Darwin Place Melba ACT,0471854762,-35.43854074448841,149.091051566041,73,3,thaiFood
"Star Stop 33",378/9 West Row Bruce ACT,0437707793,-35.40101101731039,149.07012599658435,35,5,italianFood
"Kwik Chek",809/9 Farrell Place Comma ACT,0408567049,-35.201548286059655,149.00764169175548,54,4,chineseFood
"Twin Peaks",596/6 Darwin Place Kaleen ACT,0402853230,-35.40556904053174,149.21033250594718,148,3,mexicanFood
"KIPP Austin Public Schools",957/4 The Mews Majura ACT,0435271263,-35.330180907098246,149.1365683703204,157,1,thaiFood
"413 Bar",595/5 Wilden Street Campell ACT,0444594968,-35.24883805879591,149.1663582122323,251,5,koreanFood
"MN - Supper Donuts",41/6 Kingsley Street Evatt ACT,0432248831,-35.3920479977893,149.10396757193337,155,1,thaiFood
"Club Tu Dia Es Hoy",298/3 Commonwealth Avenue Spence ACT,0461447727,-35.24650012823993,148.96344320841047,250,3,thaiFood
"BC - Jersey Giant Pizza",5/10 Parkes Way Page ACT,0419938722,-35.37027871900825,149.18611470428013,273,4,mexicanFood
"It's All Good Bar B Q",53/3 Mccoy Circuit Majura ACT,0461435208,-35.30762489419924,149.08782581652278,69,2,chineseFood
"LW - Lakeway Elementary School",969/6 Petrie Plaza Evatt ACT,0409689963,-35.39831319374551,148.95816998896348,61,4,chineseFood
"Hold Out Brewing",495/5 Phillip Law Street Barton ACT,0434046568,-35.188202878977116,149.09598174014292,249,5,thaiFood
"Anita Uphaus Early Childhood Center",1/5 Garema Place Majura ACT,0493214838,-35.31424181269191,149.03120504986737,254,1,malaysianFood
"Residence Inn By Marriott",615/4 Darwin Place Coree ACT,0471095001,-35.291455599692355,149.01996621415475,192,4,malaysianFood
"Rabbit Food Grocery",766/2 William Clemens Street Campell ACT,0462731053,-35.34421115177567,149.10568025128416,72,4,italianFood
"Cocinita La Dona",576/5 Vernon Circle Coree ACT,0493184055,-35.38171158355007,149.0623482376259,233,2,turkishFood
"Family Dollar Store",552/0 Allsop Street Evatt ACT,0439409606,-35.41380454437938,149.19392911587897,216,3,americanFood
"St. Andrew's Episcopal School-Cafeteria",372/10 Vernon Circle Comma ACT,0428652823,-35.174180774536815,149.0450452027113,196,2,thaiFood
"Abacus School of Austin",946/2 Wilden Street Barton ACT,0403060479,-35.143777300325894,149.0951700870194,162,3,indianFood
"Einstein Bros Bagels",216/4 Marcus Clarke Street Melba ACT,0455559147,-35.41163428877063,149.2295133326849,23,1,koreanFood
"Rutland Market",547/0 Odgers Lane Kaleen ACT,0420956451,-35.328178050922375,149.20423500256268,248,2,koreanFood
"AMG Mart",194/6 Genge Street Downer ACT,0455203085,-35.19381947147595,148.95691099695185,34,1,koreanFood
"Accent Food Services",299/2 Ellery Crescent Spence ACT,0400433297,-35.37180053838032,149.05748143751518,18,2,thaiFood
"Pink Monkey Snack Bar 2",274/4 Mccoy Circuit Campell ACT,0461106300,-35.40284366564654,148.9956095929317,102,5,chineseFood
"Xplor",982/10 Ainslie Place Kaleen ACT,0436771358,-35.434897780951765,149.20601142736183,50,2,malaysianFood
